timestamp,phase,k_neighbors,resolution,algorithm,n_clusters,avg_cluster_size,nmi,purity,ari,modularity,composite_score,elapsed_sec
2026-04-22 23:43:43,coarse,5,1.0,Leiden,99,110.909091,0.554894,0.165665,0.051243,0.855685,0.356032,2.625620
2026-04-22 23:43:43,coarse,5,1.0,Louvain,92,119.347826,0.546991,0.162022,0.047452,0.847033,0.350140,2.605413
2026-04-22 23:43:46,coarse,5,5.0,Leiden,243,45.185185,0.650823,0.282149,0.127919,0.820858,0.437220,2.436208
2026-04-22 23:43:46,coarse,5,5.0,Louvain,219,50.136986,0.642394,0.268488,0.124886,0.812458,0.429367,2.415426
2026-04-22 23:43:48,coarse,5,10.0,Leiden,356,30.842697,0.686664,0.349180,0.160664,0.795766,0.472278,2.235970
2026-04-22 23:43:48,coarse,5,10.0,Louvain,338,32.485207,0.682891,0.340619,0.162334,0.787070,0.468688,2.212411
2026-04-22 23:43:50,coarse,5,20.0,Leiden,497,22.092555,0.714622,0.404645,0.186671,0.766702,0.499449,2.108073
2026-04-22 23:43:50,coarse,5,20.0,Louvain,486,22.592593,0.711450,0.394718,0.181830,0.761415,0.494214,2.102361
2026-04-22 23:43:53,coarse,5,30.0,Leiden,597,18.391960,0.727749,0.434335,0.190302,0.750335,0.510091,2.261163
2026-04-22 23:43:53,coarse,5,30.0,Louvain,596,18.422819,0.729295,0.435610,0.192678,0.745414,0.511185,2.244615
2026-04-22 23:43:55,coarse,5,50.0,Leiden,743,14.777927,0.744561,0.476503,0.193243,0.727168,0.523815,2.038580
2026-04-22 23:43:55,coarse,5,50.0,Louvain,735,14.938776,0.742569,0.471858,0.191356,0.723800,0.521186,2.027609
2026-04-22 23:43:57,coarse,5,80.0,Leiden,928,11.831897,0.758742,0.516485,0.192828,0.700162,0.534658,2.265426
2026-04-22 23:43:57,coarse,5,80.0,Louvain,918,11.960784,0.757355,0.515483,0.192213,0.696499,0.533352,2.221835
2026-04-22 23:43:59,coarse,5,100.0,Leiden,1022,10.743640,0.764509,0.533789,0.191085,0.687044,0.538591,2.007227
2026-04-22 23:43:59,coarse,5,100.0,Louvain,1022,10.743640,0.763027,0.532969,0.188383,0.682762,0.536596,2.078311
2026-04-22 23:44:02,coarse,10,1.0,Leiden,42,261.428571,0.502702,0.129508,0.040697,0.793004,0.318492,2.142840
2026-04-22 23:44:02,coarse,10,1.0,Louvain,39,281.538462,0.492706,0.122040,0.040249,0.785985,0.312163,2.339682
2026-04-22 23:44:04,coarse,10,5.0,Leiden,129,85.116279,0.615598,0.231239,0.116504,0.737963,0.401234,2.059473
2026-04-22 23:44:04,coarse,10,5.0,Louvain,126,87.142857,0.608894,0.221220,0.110290,0.732201,0.394109,2.104462
2026-04-22 23:44:06,coarse,10,10.0,Leiden,194,56.597938,0.652779,0.275865,0.160231,0.699596,0.434313,2.164899
2026-04-22 23:44:06,coarse,10,10.0,Louvain,199,55.175879,0.653333,0.279872,0.161087,0.690827,0.434716,2.202610
2026-04-22 23:44:09,coarse,10,20.0,Leiden,307,35.765472,0.687922,0.329417,0.194910,0.656266,0.465152,2.104769
2026-04-22 23:44:09,coarse,10,20.0,Louvain,302,36.357616,0.685590,0.325046,0.193250,0.651036,0.462324,2.125915
2026-04-22 23:44:11,coarse,10,30.0,Leiden,398,27.587940,0.706733,0.363115,0.206546,0.629824,0.480262,2.237175
2026-04-22 23:44:11,coarse,10,30.0,Louvain,386,28.445596,0.704552,0.360018,0.204965,0.628012,0.478115,2.241854
2026-04-22 23:44:13,coarse,10,50.0,Leiden,536,20.485075,0.725414,0.402823,0.205539,0.593034,0.491695,2.122803
2026-04-22 23:44:13,coarse,10,50.0,Louvain,548,20.036496,0.725118,0.407195,0.205621,0.588068,0.491980,2.160646
2026-04-22 23:44:16,coarse,10,80.0,Leiden,740,14.837838,0.745279,0.457650,0.211061,0.548319,0.507792,2.235864
2026-04-22 23:44:16,coarse,10,80.0,Louvain,754,14.562334,0.746452,0.460747,0.212176,0.546070,0.508990,2.234167
2026-04-22 23:44:18,coarse,10,100.0,Leiden,860,12.767442,0.754171,0.485337,0.212071,0.529050,0.515262,2.117563
2026-04-22 23:44:18,coarse,10,100.0,Louvain,865,12.693642,0.754642,0.487887,0.213272,0.524369,0.515852,2.245312
2026-04-22 23:44:21,coarse,15,1.0,Leiden,27,406.666667,0.462248,0.097814,0.037903,0.762047,0.292038,2.188370
2026-04-22 23:44:21,coarse,15,1.0,Louvain,28,392.142857,0.458464,0.101275,0.033971,0.750070,0.288839,2.442669
2026-04-22 23:44:23,coarse,15,5.0,Leiden,100,109.800000,0.599966,0.206740,0.114890,0.687495,0.384551,2.133347
2026-04-22 23:44:23,coarse,15,5.0,Louvain,102,107.647059,0.594727,0.204189,0.106152,0.678228,0.378397,2.254997
2026-04-22 23:44:26,coarse,15,10.0,Leiden,163,67.361963,0.641137,0.257559,0.154174,0.643995,0.418618,2.322899
2026-04-22 23:44:26,coarse,15,10.0,Louvain,168,65.357143,0.639919,0.254189,0.154570,0.632739,0.416450,2.392724
2026-04-22 23:44:28,coarse,15,20.0,Leiden,266,41.278195,0.678887,0.311020,0.198019,0.587669,0.451931,2.279471
2026-04-22 23:44:28,coarse,15,20.0,Louvain,269,40.817844,0.677446,0.309290,0.196743,0.583041,0.450163,2.379088
2026-04-22 23:44:31,coarse,15,30.0,Leiden,344,31.918605,0.697948,0.341712,0.215200,0.559182,0.468000,2.280958
2026-04-22 23:44:31,coarse,15,30.0,Louvain,350,31.371429,0.698393,0.342350,0.211943,0.554336,0.466844,2.283358
2026-04-22 23:44:33,coarse,15,50.0,Leiden,505,21.742574,0.722907,0.392987,0.221826,0.513338,0.485642,2.109714
2026-04-22 23:44:33,coarse,15,50.0,Louvain,496,22.137097,0.721173,0.389435,0.222548,0.513715,0.484492,2.182227
2026-04-22 23:44:36,coarse,15,80.0,Leiden,704,15.596591,0.742058,0.442714,0.220583,0.465707,0.498112,2.316096
2026-04-22 23:44:36,coarse,15,80.0,Louvain,707,15.530410,0.741342,0.442168,0.218843,0.463105,0.496934,2.367306
2026-04-22 23:44:38,coarse,15,100.0,Leiden,843,13.024911,0.752532,0.474772,0.220175,0.440076,0.506027,2.300078
2026-04-22 23:44:38,coarse,15,100.0,Louvain,851,12.902468,0.751563,0.471858,0.218079,0.434827,0.503903,2.315322
2026-04-22 23:44:41,coarse,20,1.0,Leiden,24,457.500000,0.442287,0.088160,0.031741,0.736095,0.277679,2.282867
2026-04-22 23:44:41,coarse,20,1.0,Louvain,25,439.200000,0.445937,0.094171,0.031633,0.724814,0.279180,2.433049
2026-04-22 23:44:43,coarse,20,5.0,Leiden,84,130.714286,0.583715,0.184882,0.101776,0.660638,0.367059,2.151376
2026-04-22 23:44:43,coarse,20,5.0,Louvain,87,126.206897,0.582543,0.191803,0.103272,0.649204,0.367280,2.477746
2026-04-22 23:44:46,coarse,20,10.0,Leiden,147,74.693878,0.632781,0.244536,0.151147,0.599632,0.407327,2.412799
2026-04-22 23:44:46,coarse,20,10.0,Louvain,143,76.783217,0.627461,0.235883,0.144125,0.595539,0.400952,2.531827
2026-04-22 23:44:49,coarse,20,20.0,Leiden,241,45.560166,0.672429,0.295628,0.194952,0.543993,0.440982,2.533463
2026-04-22 23:44:49,coarse,20,20.0,Louvain,243,45.185185,0.668762,0.295446,0.186871,0.539696,0.436625,2.734244
2026-04-22 23:44:52,coarse,20,30.0,Leiden,326,33.680982,0.692352,0.333242,0.213021,0.505026,0.457998,2.535997
2026-04-22 23:44:52,coarse,20,30.0,Louvain,325,33.784615,0.689212,0.327413,0.206800,0.502340,0.453442,2.649906
2026-04-22 23:44:55,coarse,20,50.0,Leiden,484,22.685950,0.717609,0.381421,0.226203,0.456274,0.476816,2.813066
2026-04-22 23:44:55,coarse,20,50.0,Louvain,483,22.732919,0.716042,0.380783,0.226691,0.455111,0.476092,2.855808
2026-04-22 23:44:58,coarse,20,80.0,Leiden,742,14.797844,0.741055,0.438707,0.225446,0.401334,0.491930,2.720863
2026-04-22 23:44:58,coarse,20,80.0,Louvain,735,14.938776,0.741485,0.442532,0.229451,0.398500,0.493785,2.719207
2026-04-22 23:45:01,coarse,20,100.0,Leiden,913,12.026287,0.752784,0.475228,0.224219,0.370760,0.500501,3.001088
2026-04-22 23:45:01,coarse,20,100.0,Louvain,908,12.092511,0.751058,0.472404,0.221609,0.367940,0.498181,3.224247
2026-04-22 23:45:05,coarse,25,1.0,Leiden,21,522.857143,0.430522,0.084699,0.029473,0.717559,0.269747,3.438532
2026-04-22 23:45:05,coarse,25,1.0,Louvain,20,549.000000,0.422575,0.083424,0.026872,0.705619,0.264338,3.852360
2026-04-22 23:45:10,coarse,25,5.0,Leiden,74,148.378378,0.570573,0.172404,0.097278,0.637566,0.355650,3.567487
2026-04-22 23:45:10,coarse,25,5.0,Louvain,74,148.378378,0.566768,0.170856,0.097313,0.625071,0.352580,4.052161
2026-04-22 23:45:14,coarse,25,10.0,Leiden,130,84.461538,0.620476,0.226776,0.143035,0.572827,0.393739,3.353809
2026-04-22 23:45:14,coarse,25,10.0,Louvain,134,81.940299,0.621191,0.231148,0.141923,0.565627,0.393846,3.333032
2026-04-22 23:45:17,coarse,25,20.0,Leiden,233,47.124464,0.668319,0.292441,0.191928,0.508355,0.434230,2.884829
2026-04-22 23:45:17,coarse,25,20.0,Louvain,233,47.124464,0.666344,0.289800,0.187760,0.500773,0.430903,2.999551
2026-04-22 23:45:20,coarse,25,30.0,Leiden,306,35.882353,0.686249,0.320856,0.207651,0.468085,0.447775,2.561038
2026-04-22 23:45:20,coarse,25,30.0,Louvain,317,34.637224,0.686937,0.321949,0.208488,0.463513,0.448062,2.725199
2026-04-22 23:45:23,coarse,25,50.0,Leiden,494,22.226721,0.716767,0.382332,0.227781,0.413579,0.472866,2.266227
2026-04-22 23:45:23,coarse,25,50.0,Louvain,497,22.092555,0.716255,0.381421,0.223229,0.409289,0.470684,2.579216
2026-04-22 23:45:26,coarse,25,80.0,Leiden,786,13.969466,0.742965,0.444627,0.233923,0.353026,0.491591,2.867657
2026-04-22 23:45:26,coarse,25,80.0,Louvain,789,13.916350,0.742687,0.445537,0.233353,0.349566,0.491145,3.095759
2026-04-22 23:45:30,coarse,25,100.0,Leiden,992,11.068548,0.754406,0.479417,0.229065,0.320339,0.498399,3.671211
2026-04-22 23:45:30,coarse,25,100.0,Louvain,990,11.090909,0.753735,0.481512,0.226220,0.317455,0.497408,3.760010
2026-04-22 23:45:34,coarse,30,1.0,Leiden,19,577.894737,0.419282,0.082332,0.026252,0.706847,0.262739,3.101755
2026-04-22 23:45:34,coarse,30,1.0,Louvain,19,577.894737,0.417676,0.080328,0.025713,0.693293,0.260179,3.514695
2026-04-22 23:45:38,coarse,30,5.0,Leiden,63,174.285714,0.557966,0.156648,0.091375,0.618053,0.343734,2.903073
2026-04-22 23:45:38,coarse,30,5.0,Louvain,70,156.857143,0.560775,0.167395,0.092822,0.603783,0.346014,3.218497
2026-04-22 23:45:42,coarse,30,10.0,Leiden,125,87.840000,0.616231,0.222222,0.138249,0.546756,0.387087,3.167876
2026-04-22 23:45:42,coarse,30,10.0,Louvain,121,90.743802,0.611311,0.219126,0.135136,0.545433,0.383434,3.628690
2026-04-22 23:45:45,coarse,30,20.0,Leiden,224,49.017857,0.664913,0.283333,0.185215,0.475330,0.425729,2.283395
2026-04-22 23:45:45,coarse,30,20.0,Louvain,224,49.017857,0.663073,0.283698,0.185581,0.471066,0.424750,2.467678
2026-04-22 23:45:48,coarse,30,30.0,Leiden,311,35.305466,0.685602,0.316485,0.207395,0.435355,0.443292,2.751251
2026-04-22 23:45:48,coarse,30,30.0,Louvain,312,35.192308,0.685814,0.319217,0.208634,0.430110,0.443770,2.968813
2026-04-22 23:45:51,coarse,30,50.0,Leiden,514,21.361868,0.717488,0.379053,0.231424,0.377404,0.469973,2.554088
2026-04-22 23:45:51,coarse,30,50.0,Louvain,512,21.445312,0.716635,0.380419,0.227251,0.372181,0.468131,2.854580
2026-04-22 23:45:55,coarse,30,80.0,Leiden,859,12.782305,0.743304,0.448998,0.234477,0.313931,0.488858,3.606365
2026-04-22 23:45:55,coarse,30,80.0,Louvain,847,12.963400,0.743725,0.449089,0.234487,0.312450,0.488899,4.052542
2026-04-22 23:45:59,coarse,30,100.0,Leiden,1098,10.000000,0.756862,0.488798,0.233900,0.281584,0.498833,3.202714
2026-04-22 23:45:59,coarse,30,100.0,Louvain,1087,10.101196,0.755785,0.488160,0.233699,0.280665,0.498122,3.437886
2026-04-22 23:46:03,fine,3,70.0,Leiden,1084,10.129151,0.761124,0.542805,0.168821,0.803359,0.543993,2.601957
2026-04-22 23:46:03,fine,3,70.0,Louvain,1083,10.138504,0.761119,0.541257,0.169631,0.798919,0.543481,2.528966
2026-04-22 23:46:05,fine,3,85.0,Leiden,1164,9.432990,0.765534,0.554918,0.167513,0.794562,0.546907,2.332023
2026-04-22 23:46:05,fine,3,85.0,Louvain,1156,9.498270,0.765387,0.555191,0.168533,0.790998,0.546853,2.381215
2026-04-22 23:46:08,fine,3,115.0,Leiden,1278,8.591549,0.771976,0.574408,0.165825,0.781435,0.551563,2.484926
2026-04-22 23:46:08,fine,3,115.0,Louvain,1281,8.571429,0.771525,0.572860,0.164708,0.777588,0.550353,2.483481
2026-04-22 23:46:10,fine,3,130.0,Leiden,1321,8.311885,0.774070,0.581148,0.164247,0.775990,0.552731,2.141834
2026-04-22 23:46:10,fine,3,130.0,Louvain,1321,8.311885,0.773935,0.580601,0.164779,0.773446,0.552472,2.112538
2026-04-22 23:46:13,fine,4,70.0,Leiden,942,11.656051,0.756617,0.518397,0.183287,0.751346,0.536447,2.363771
2026-04-22 23:46:13,fine,4,70.0,Louvain,944,11.631356,0.755664,0.517395,0.183466,0.746301,0.535415,2.202512
2026-04-22 23:46:16,fine,4,85.0,Leiden,1029,10.670554,0.762062,0.534882,0.182011,0.740984,0.540503,3.029294
2026-04-22 23:46:16,fine,4,85.0,Louvain,1024,10.722656,0.760821,0.532058,0.180904,0.736300,0.538641,2.971449
2026-04-22 23:46:22,fine,4,115.0,Leiden,1145,9.589520,0.769079,0.555191,0.179663,0.724789,0.545048,6.042513
2026-04-22 23:46:22,fine,4,115.0,Louvain,1146,9.581152,0.768351,0.553188,0.179211,0.720510,0.543792,5.968489
2026-04-22 23:46:28,fine,4,130.0,Leiden,1208,9.089404,0.771946,0.564026,0.177102,0.717560,0.546470,6.112668
2026-04-22 23:46:28,fine,4,130.0,Louvain,1201,9.142381,0.770196,0.560474,0.176560,0.714920,0.544633,6.021248
2026-04-22 23:46:35,fine,6,70.0,Leiden,801,13.707865,0.750690,0.485610,0.199851,0.668744,0.524228,6.193698
2026-04-22 23:46:35,fine,6,70.0,Louvain,807,13.605948,0.750466,0.487158,0.200960,0.664591,0.524365,6.143820
2026-04-22 23:46:42,fine,6,85.0,Leiden,892,12.309417,0.757552,0.505920,0.200867,0.655503,0.530015,6.329252
2026-04-22 23:46:42,fine,6,85.0,Louvain,882,12.448980,0.755451,0.501639,0.199253,0.651847,0.527469,6.513789
2026-04-22 23:46:49,fine,6,115.0,Leiden,1036,10.598456,0.766839,0.533789,0.198911,0.632783,0.536445,6.304837
2026-04-22 23:46:49,fine,6,115.0,Louvain,1033,10.629235,0.765133,0.530419,0.195617,0.629923,0.533814,6.243834
2026-04-22 23:46:53,fine,6,130.0,Leiden,1091,10.064161,0.768180,0.540893,0.192094,0.624373,0.535516,3.505136
2026-04-22 23:46:53,fine,6,130.0,Louvain,1088,10.091912,0.767917,0.540619,0.192493,0.622277,0.535266,3.492171
2026-04-22 23:46:55,fine,7,70.0,Leiden,760,14.447368,0.748705,0.475319,0.207558,0.635052,0.520318,2.299215
2026-04-22 23:46:55,fine,7,70.0,Louvain,746,14.718499,0.746808,0.470765,0.207539,0.633177,0.518456,2.302324
2026-04-22 23:46:57,fine,7,85.0,Leiden,837,13.118280,0.753909,0.490437,0.205927,0.620416,0.523471,2.018679
2026-04-22 23:46:57,fine,7,85.0,Louvain,832,13.197115,0.753580,0.490346,0.206695,0.619679,0.523478,1.996975
2026-04-22 23:46:59,fine,7,115.0,Leiden,1003,10.947159,0.765041,0.522222,0.202868,0.595124,0.530834,2.098275
2026-04-22 23:46:59,fine,7,115.0,Louvain,995,11.035176,0.763420,0.518215,0.202187,0.595129,0.529180,2.104831
2026-04-22 23:47:02,fine,7,130.0,Leiden,1076,10.204461,0.769153,0.534973,0.201694,0.585053,0.533669,2.029110
2026-04-22 23:47:02,fine,7,130.0,Louvain,1070,10.261682,0.767798,0.534062,0.202772,0.583842,0.533147,2.057047
2026-04-23 09:13:59,coarse,5,1.0,Leiden,103,106.601942,0.555183,0.168670,0.054342,0.858012,0.357911,2.125234
2026-04-23 09:13:59,coarse,5,1.0,Louvain,89,123.370787,0.541726,0.158379,0.045556,0.848478,0.346880,2.117427
2026-04-23 09:14:01,coarse,5,5.0,Leiden,237,46.329114,0.649676,0.281967,0.128110,0.819214,0.436618,1.920929
2026-04-23 09:14:01,coarse,5,5.0,Louvain,226,48.584071,0.644804,0.275319,0.120426,0.816612,0.430774,1.882450
2026-04-23 09:14:03,coarse,5,10.0,Leiden,362,30.331492,0.688492,0.347996,0.165902,0.792024,0.473969,1.935748
2026-04-23 09:14:03,coarse,5,10.0,Louvain,343,32.011662,0.685219,0.341803,0.162561,0.786045,0.469821,1.920854
2026-04-23 09:14:06,coarse,5,20.0,Leiden,499,22.004008,0.715334,0.404827,0.187036,0.766009,0.499811,1.941988
2026-04-23 09:14:06,coarse,5,20.0,Louvain,496,22.137097,0.714710,0.401184,0.185516,0.759715,0.497747,1.938601
2026-04-23 09:14:08,coarse,5,30.0,Leiden,603,18.208955,0.730042,0.439891,0.192481,0.749513,0.512690,1.942135
2026-04-23 09:14:08,coarse,5,30.0,Louvain,587,18.705281,0.726884,0.432149,0.190984,0.745992,0.509078,1.895660
2026-04-23 09:14:10,coarse,5,50.0,Leiden,747,14.698795,0.744978,0.478142,0.193839,0.725507,0.524322,1.876529
2026-04-23 09:14:10,coarse,5,50.0,Louvain,746,14.718499,0.744061,0.478689,0.193275,0.721555,0.523500,1.856414
2026-04-23 09:14:12,coarse,5,80.0,Leiden,923,11.895991,0.757999,0.514572,0.192894,0.701035,0.534085,1.888299
2026-04-23 09:14:12,coarse,5,80.0,Louvain,921,11.921824,0.757359,0.513479,0.192249,0.696703,0.532984,1.861519
2026-04-23 09:14:14,coarse,5,100.0,Leiden,1027,10.691334,0.764819,0.536157,0.190481,0.686041,0.538907,1.919979
2026-04-23 09:14:14,coarse,5,100.0,Louvain,1018,10.785855,0.763078,0.531056,0.189195,0.683662,0.536567,1.972788
2026-04-23 09:14:16,coarse,10,1.0,Leiden,39,281.538462,0.498195,0.124317,0.039811,0.791745,0.315259,1.941925
2026-04-23 09:14:16,coarse,10,1.0,Louvain,39,281.538462,0.489517,0.120947,0.039438,0.785766,0.310404,1.985436
2026-04-23 09:14:18,coarse,10,5.0,Leiden,128,85.781250,0.614843,0.227869,0.118932,0.736011,0.400792,2.006424
2026-04-23 09:14:18,coarse,10,5.0,Louvain,124,88.548387,0.610252,0.222131,0.113558,0.730475,0.395642,2.052011
2026-04-23 09:14:20,coarse,10,10.0,Leiden,203,54.088670,0.657888,0.282696,0.164606,0.696932,0.438770,1.999101
2026-04-23 09:14:20,coarse,10,10.0,Louvain,195,56.307692,0.651602,0.271949,0.157368,0.690563,0.431297,2.010810
2026-04-23 09:14:22,coarse,10,20.0,Leiden,308,35.649351,0.689858,0.331330,0.197803,0.654614,0.467011,2.062122
2026-04-23 09:14:22,coarse,10,20.0,Louvain,306,35.882353,0.687502,0.327687,0.193227,0.651084,0.463615,2.057246
2026-04-23 09:14:28,coarse,10,30.0,Leiden,397,27.657431,0.706738,0.363752,0.205047,0.629817,0.479941,6.168797
2026-04-23 09:14:28,coarse,10,30.0,Louvain,391,28.081841,0.703683,0.358652,0.202996,0.626763,0.476779,6.162730
2026-04-23 09:14:35,coarse,10,50.0,Leiden,550,19.963636,0.727809,0.411749,0.208954,0.590637,0.495223,6.122431
2026-04-23 09:14:35,coarse,10,50.0,Louvain,549,20.000000,0.726518,0.407195,0.205863,0.586990,0.492504,6.122415
2026-04-23 09:14:42,coarse,10,80.0,Leiden,749,14.659546,0.746938,0.463752,0.213239,0.548789,0.510376,6.250201
2026-04-23 09:14:42,coarse,10,80.0,Louvain,749,14.659546,0.745562,0.459745,0.211860,0.546281,0.508360,6.251073
2026-04-23 09:14:48,coarse,10,100.0,Leiden,867,12.664360,0.755803,0.487341,0.213175,0.526250,0.516367,5.472241
2026-04-23 09:14:48,coarse,10,100.0,Louvain,855,12.842105,0.753586,0.483333,0.212349,0.525698,0.514376,5.694787
2026-04-23 09:14:54,coarse,15,1.0,Leiden,29,378.620690,0.468403,0.105009,0.037399,0.758666,0.295449,5.635468
2026-04-23 09:14:54,coarse,15,1.0,Louvain,28,392.142857,0.462485,0.103461,0.035216,0.751451,0.291396,5.821506
2026-04-23 09:15:00,coarse,15,5.0,Leiden,100,109.800000,0.596822,0.203005,0.108147,0.692082,0.380982,5.684392
2026-04-23 09:15:00,coarse,15,5.0,Louvain,98,112.040816,0.592173,0.199362,0.105404,0.680192,0.376382,5.872824
2026-04-23 09:15:07,coarse,15,10.0,Leiden,160,68.625000,0.640303,0.253461,0.155945,0.641994,0.417796,5.638945
2026-04-23 09:15:07,coarse,15,10.0,Louvain,162,67.777778,0.638845,0.254372,0.152297,0.635607,0.415662,5.839090
2026-04-23 09:15:13,coarse,15,20.0,Leiden,270,40.666667,0.679893,0.311749,0.198419,0.587280,0.452561,5.727877
2026-04-23 09:15:13,coarse,15,20.0,Louvain,268,40.970149,0.678658,0.309381,0.195718,0.581476,0.450202,5.751297
2026-04-23 09:15:20,coarse,15,30.0,Leiden,354,31.016949,0.700546,0.348270,0.216672,0.557795,0.470653,5.933073
2026-04-23 09:15:20,coarse,15,30.0,Louvain,350,31.371429,0.696995,0.343443,0.211419,0.553470,0.466259,6.036330
2026-04-23 09:15:26,coarse,15,50.0,Leiden,503,21.829026,0.722014,0.391712,0.223389,0.515143,0.485679,5.777935
2026-04-23 09:15:26,coarse,15,50.0,Louvain,500,21.960000,0.720737,0.391894,0.220494,0.511471,0.483969,5.890978
2026-04-23 09:15:33,coarse,15,80.0,Leiden,715,15.356643,0.742697,0.442623,0.219433,0.464909,0.497924,6.043879
2026-04-23 09:15:33,coarse,15,80.0,Louvain,710,15.464789,0.741728,0.441075,0.218730,0.463850,0.496910,6.053822
2026-04-23 09:15:39,coarse,15,100.0,Leiden,844,13.009479,0.751829,0.472769,0.217573,0.438287,0.504386,6.133679
2026-04-23 09:15:39,coarse,15,100.0,Louvain,854,12.857143,0.751646,0.472860,0.218101,0.436718,0.504332,6.259238
2026-04-23 09:15:46,coarse,20,1.0,Leiden,23,477.391304,0.447951,0.087523,0.034880,0.737672,0.280916,5.901013
2026-04-23 09:15:46,coarse,20,1.0,Louvain,25,439.200000,0.449749,0.096539,0.030614,0.726587,0.281051,6.209841
2026-04-23 09:15:53,coarse,20,5.0,Leiden,85,129.176471,0.583296,0.189162,0.102846,0.656624,0.367667,6.259247
2026-04-23 09:15:53,coarse,20,5.0,Louvain,85,129.176471,0.578567,0.185519,0.099949,0.648354,0.363351,6.821968
2026-04-23 09:16:00,coarse,20,10.0,Leiden,146,75.205479,0.629859,0.240801,0.147215,0.602780,0.404547,6.332003
2026-04-23 09:16:00,coarse,20,10.0,Louvain,147,74.693878,0.631098,0.244444,0.152610,0.594156,0.406527,6.593442
2026-04-23 09:16:07,coarse,20,20.0,Leiden,238,46.134454,0.670580,0.294262,0.190965,0.547085,0.439083,6.048409
2026-04-23 09:16:07,coarse,20,20.0,Louvain,233,47.124464,0.669433,0.297541,0.191534,0.540874,0.438829,6.266408
2026-04-23 09:16:14,coarse,20,30.0,Leiden,335,32.776119,0.696139,0.337978,0.218722,0.503400,0.462008,6.451423
2026-04-23 09:16:14,coarse,20,30.0,Louvain,323,33.993808,0.694055,0.333333,0.217402,0.502501,0.459759,6.602348
2026-04-23 09:16:22,coarse,20,50.0,Leiden,491,22.362525,0.718799,0.384153,0.226869,0.454624,0.477873,6.750781
2026-04-23 09:16:22,coarse,20,50.0,Louvain,488,22.500000,0.717860,0.382787,0.225907,0.456407,0.477114,6.945775
2026-04-23 09:16:29,coarse,20,80.0,Leiden,737,14.898236,0.740960,0.437705,0.225998,0.400589,0.491783,6.925423
2026-04-23 09:16:29,coarse,20,80.0,Louvain,736,14.918478,0.741369,0.439617,0.223872,0.398483,0.491481,7.191334
2026-04-23 09:16:37,coarse,20,100.0,Leiden,918,11.960784,0.752708,0.474681,0.224882,0.370923,0.500576,6.951414
2026-04-23 09:16:37,coarse,20,100.0,Louvain,902,12.172949,0.751026,0.470492,0.223813,0.371803,0.498833,7.347006
2026-04-23 09:16:45,coarse,25,1.0,Leiden,21,522.857143,0.427231,0.086430,0.027571,0.717744,0.268224,6.647325
2026-04-23 09:16:45,coarse,25,1.0,Louvain,21,522.857143,0.437694,0.088342,0.032584,0.706027,0.273124,7.138752
2026-04-23 09:16:53,coarse,25,5.0,Leiden,76,144.473684,0.574335,0.179235,0.099723,0.636366,0.359134,6.683939
2026-04-23 09:16:53,coarse,25,5.0,Louvain,75,146.400000,0.568316,0.175410,0.094826,0.623279,0.353184,7.123679
2026-04-23 09:17:00,coarse,25,10.0,Leiden,130,84.461538,0.622752,0.230328,0.146114,0.570603,0.396061,6.706142
2026-04-23 09:17:00,coarse,25,10.0,Louvain,134,81.940299,0.621556,0.230783,0.144118,0.562523,0.394267,6.845518
2026-04-23 09:17:08,coarse,25,20.0,Leiden,234,46.923077,0.668230,0.290984,0.190840,0.504023,0.433143,6.516366
2026-04-23 09:17:08,coarse,25,20.0,Louvain,232,47.327586,0.664145,0.285155,0.187241,0.500265,0.428888,6.888602
2026-04-23 09:17:15,coarse,25,30.0,Leiden,316,34.746835,0.688983,0.323406,0.209716,0.467871,0.449976,6.288917
2026-04-23 09:17:15,coarse,25,30.0,Louvain,317,34.637224,0.687611,0.323679,0.208104,0.461387,0.448350,6.707809
2026-04-23 09:17:23,coarse,25,50.0,Leiden,501,21.916168,0.717860,0.381785,0.229903,0.411949,0.473667,6.437970
2026-04-23 09:17:23,coarse,25,50.0,Louvain,496,22.137097,0.716712,0.383515,0.227537,0.408513,0.472500,6.805229
2026-04-23 09:17:30,coarse,25,80.0,Leiden,789,13.916350,0.743897,0.448816,0.235095,0.352256,0.493076,6.578661
2026-04-23 09:17:30,coarse,25,80.0,Louvain,779,14.094994,0.741510,0.445537,0.232885,0.350748,0.490652,6.876930
2026-04-23 09:17:38,coarse,25,100.0,Leiden,990,11.090909,0.753651,0.476685,0.228978,0.322491,0.497740,6.632714
2026-04-23 09:17:38,coarse,25,100.0,Louvain,996,11.024096,0.753529,0.481512,0.228371,0.318202,0.498046,6.830681
2026-04-23 09:17:46,coarse,30,1.0,Leiden,22,499.090909,0.423055,0.086885,0.024714,0.704900,0.264503,6.807180
2026-04-23 09:17:46,coarse,30,1.0,Louvain,20,549.000000,0.420044,0.086066,0.024675,0.692873,0.261921,7.176769
2026-04-23 09:17:53,coarse,30,5.0,Leiden,68,161.470588,0.559355,0.165574,0.091702,0.614829,0.345850,6.205266
2026-04-23 09:17:53,coarse,30,5.0,Louvain,63,174.285714,0.554581,0.162477,0.089603,0.610370,0.342246,6.934130
2026-04-23 09:18:01,coarse,30,10.0,Leiden,125,87.840000,0.618776,0.223770,0.142720,0.544491,0.389530,6.630694
2026-04-23 09:18:01,coarse,30,10.0,Louvain,126,87.142857,0.615766,0.220401,0.137586,0.541674,0.385830,7.347845
2026-04-23 09:18:09,coarse,30,20.0,Leiden,228,48.157895,0.665181,0.287978,0.190875,0.474518,0.428382,6.563808
2026-04-23 09:18:09,coarse,30,20.0,Louvain,220,49.909091,0.663179,0.286248,0.190211,0.472876,0.426872,6.943565
2026-04-23 09:18:16,coarse,30,30.0,Leiden,321,34.205607,0.688165,0.323133,0.211544,0.433189,0.446675,6.421680
2026-04-23 09:18:16,coarse,30,30.0,Louvain,319,34.420063,0.686716,0.321949,0.206069,0.428059,0.443703,7.017693
2026-04-23 09:18:25,coarse,30,50.0,Leiden,506,21.699605,0.717476,0.378962,0.231349,0.377332,0.469921,6.873658
2026-04-23 09:18:25,coarse,30,50.0,Louvain,520,21.115385,0.716163,0.380419,0.231319,0.373528,0.469298,7.086486
2026-04-23 09:18:33,coarse,30,80.0,Leiden,847,12.963400,0.743964,0.448270,0.240254,0.316619,0.490978,7.060303
2026-04-23 09:18:33,coarse,30,80.0,Louvain,848,12.948113,0.741359,0.446903,0.226804,0.312656,0.485231,7.329414
2026-04-23 09:18:41,coarse,30,100.0,Leiden,1121,9.794826,0.756883,0.489526,0.232108,0.278105,0.498101,6.891103
2026-04-23 09:18:41,coarse,30,100.0,Louvain,1087,10.101196,0.756382,0.492077,0.234144,0.276889,0.498900,7.104120
2026-04-23 09:18:48,fine,3,70.0,Leiden,1081,10.157262,0.761092,0.541530,0.169406,0.803235,0.543888,5.984165
2026-04-23 09:18:48,fine,3,70.0,Louvain,1085,10.119816,0.760644,0.541803,0.168371,0.798701,0.543000,5.863504
2026-04-23 09:18:54,fine,3,85.0,Leiden,1159,9.473684,0.765730,0.555100,0.168585,0.794567,0.547344,5.496494
2026-04-23 09:18:54,fine,3,85.0,Louvain,1159,9.473684,0.765365,0.554827,0.168266,0.791715,0.546763,5.600520
2026-04-23 09:19:00,fine,3,115.0,Leiden,1278,8.591549,0.771707,0.573497,0.164859,0.781523,0.550992,5.822390
2026-04-23 09:19:00,fine,3,115.0,Louvain,1265,8.679842,0.770736,0.570492,0.164077,0.779306,0.549547,5.755766
2026-04-23 09:19:06,fine,3,130.0,Leiden,1328,8.268072,0.774837,0.582240,0.164436,0.776202,0.553334,5.266767
2026-04-23 09:19:06,fine,3,130.0,Louvain,1317,8.337130,0.773221,0.579326,0.163541,0.773864,0.551602,5.125877
2026-04-23 09:19:12,fine,4,70.0,Leiden,950,11.557895,0.757155,0.520583,0.183602,0.748963,0.536956,5.294529
2026-04-23 09:19:12,fine,4,70.0,Louvain,937,11.718250,0.755830,0.518124,0.183330,0.746877,0.535643,5.211194
2026-04-23 09:19:17,fine,4,85.0,Leiden,1021,10.754163,0.760890,0.530510,0.180206,0.740443,0.538564,5.312188
2026-04-23 09:19:17,fine,4,85.0,Louvain,1016,10.807087,0.760751,0.533060,0.181440,0.737504,0.539095,5.247154
2026-04-23 09:19:23,fine,4,115.0,Leiden,1153,9.522984,0.769430,0.556922,0.178995,0.723545,0.545210,5.334910
2026-04-23 09:19:23,fine,4,115.0,Louvain,1149,9.556136,0.768550,0.554918,0.179799,0.720036,0.544347,5.247463
2026-04-23 09:19:29,fine,4,130.0,Leiden,1197,9.172932,0.770633,0.561202,0.176057,0.718552,0.545166,5.439345
2026-04-23 09:19:29,fine,4,130.0,Louvain,1213,9.051937,0.771796,0.563843,0.178556,0.712942,0.546348,5.362810
2026-04-23 09:19:34,fine,6,70.0,Leiden,798,13.759398,0.750929,0.486248,0.200811,0.669033,0.524768,5.380854
2026-04-23 09:19:34,fine,6,70.0,Louvain,800,13.725000,0.749817,0.485428,0.198979,0.665883,0.523294,5.328963
2026-04-23 09:19:40,fine,6,85.0,Leiden,888,12.364865,0.757537,0.504007,0.201740,0.655779,0.529916,5.404737
2026-04-23 09:19:40,fine,6,85.0,Louvain,882,12.448980,0.756220,0.502641,0.199501,0.652361,0.528103,5.591096
2026-04-23 09:19:46,fine,6,115.0,Leiden,1027,10.691334,0.765699,0.530055,0.197175,0.634364,0.534879,5.674364
2026-04-23 09:19:46,fine,6,115.0,Louvain,1024,10.722656,0.764652,0.528871,0.195789,0.631659,0.533538,5.452436
2026-04-23 09:19:53,fine,6,130.0,Leiden,1116,9.838710,0.770327,0.547177,0.194968,0.622078,0.538264,5.608505
2026-04-23 09:19:53,fine,6,130.0,Louvain,1096,10.018248,0.768735,0.543078,0.196819,0.621924,0.537348,5.548666
2026-04-23 09:19:58,fine,7,70.0,Leiden,753,14.581673,0.747991,0.472495,0.206211,0.636494,0.519208,5.556053
2026-04-23 09:19:58,fine,7,70.0,Louvain,751,14.620506,0.746116,0.469581,0.205807,0.633118,0.517416,5.514323
2026-04-23 09:20:04,fine,7,85.0,Leiden,842,13.040380,0.755414,0.493898,0.207920,0.620780,0.525399,5.517774
2026-04-23 09:20:04,fine,7,85.0,Louvain,833,13.181273,0.753332,0.489435,0.205132,0.618808,0.522640,5.482281
2026-04-23 09:20:10,fine,7,115.0,Leiden,1006,10.914513,0.764334,0.521494,0.203150,0.596716,0.530649,5.656309
2026-04-23 09:20:10,fine,7,115.0,Louvain,993,11.057402,0.762114,0.515847,0.202147,0.594817,0.528141,5.633423
2026-04-23 09:20:17,fine,7,130.0,Leiden,1068,10.280899,0.767466,0.532149,0.199419,0.585421,0.531784,5.795501
2026-04-23 09:20:17,fine,7,130.0,Louvain,1066,10.300188,0.767060,0.531056,0.200358,0.584407,0.531584,5.756961
